{
    "rmse": 211.84212968531443,
    "mae": 64.02210283778048,
    "mape": 51.526087580544434,
    "wape": 13.532104781634615,
    "smape": 59.04086962521704
}