{
    "rmse": 219.12508913289687,
    "mae": 65.81288146972656,
    "mape": 57.92259979248047,
    "wape": 13.910614013671875,
    "smape": 60.815982818603516
}